GENE,PDB ID,RESOLUTION,XRAY/EM,METHOD,AGGREGATION STATE,RECONSTRUCTION METHOD
SLC1A1,8CUD,2.94 Å,: Monomer -,ELECTRON MICROSCOPY,PARTICLE,SINGLE PARTICLE
SLC1A1,8CUJ,3.04 Å,: Monomer -,ELECTRON MICROSCOPY,PARTICLE,SINGLE PARTICLE
SLC1A1,6S3Q,3.34 Å,: Homo 3-mer -,ELECTRON MICROSCOPY,PARTICLE,SINGLE PARTICLE
SLC1A1,6X2L,2.85 Å,: Homo 3-mer -,ELECTRON MICROSCOPY,PARTICLE,SINGLE PARTICLE
SLC1A1,6X2Z,3.03 Å,: Monomer -,ELECTRON MICROSCOPY,PARTICLE,SINGLE PARTICLE
SLC1A1,6X3E,3.42 Å,: Homo 3-mer -,ELECTRON MICROSCOPY,PARTICLE,SINGLE PARTICLE
SLC1A1,6X3F,3.03 Å,: Homo 3-mer -,ELECTRON MICROSCOPY,PARTICLE,SINGLE PARTICLE
SLC1A1,7NSG,3.34 Å,: Homo 3-mer -,ELECTRON MICROSCOPY,PARTICLE,SINGLE PARTICLE
SLC1A1,8CTC,2.80 Å,: Homo 3-mer -,ELECTRON MICROSCOPY,PARTICLE,SINGLE PARTICLE
SLC1A1,8CTD,3.42 Å,: Monomer -,ELECTRON MICROSCOPY,PARTICLE,SINGLE PARTICLE
SLC1A1,8CUA,2.44 Å,: Homo 3-mer -,ELECTRON MICROSCOPY,PARTICLE,SINGLE PARTICLE
SLC1A1,8CUI,2.55 Å,: Homo 3-mer -,ELECTRON MICROSCOPY,PARTICLE,SINGLE PARTICLE
SLC1A1,8CV2,2.44 Å,: Homo 3-mer -,ELECTRON MICROSCOPY,PARTICLE,SINGLE PARTICLE
SLC1A1,8CV3,3.04 Å,: Monomer -,ELECTRON MICROSCOPY,PARTICLE,SINGLE PARTICLE
SLC1A3,7AWL,,: Homo 3-mer -,X-RAY DIFFRACTION,,
SLC1A3,7AWN,,: Homo 3-mer -,X-RAY DIFFRACTION,,
SLC1A3,7AWP,,: Homo 3-mer -,X-RAY DIFFRACTION,,
SLC1A3,5LLM,,: Monomer -,X-RAY DIFFRACTION,,
SLC1A3,5LLU,,: Homo 3-mer -,X-RAY DIFFRACTION,,
SLC1A3,5LM4,,: Monomer -,X-RAY DIFFRACTION,,
SLC1A3,7AWM,,: Homo 3-mer -,X-RAY DIFFRACTION,,
SLC1A3,7AWQ,,: Homo 3-mer -,X-RAY DIFFRACTION,,
SLC1A3,7NPW,3.99 Å,: Homo 3-mer -,ELECTRON MICROSCOPY,PARTICLE,SINGLE PARTICLE
SLC1A3,5MJU,,: Homo 3-mer -,X-RAY DIFFRACTION,,
SLC2A1,6THA,,: Monomer -,X-RAY DIFFRACTION,,
SLC2A1,4PYP,,: Monomer -,X-RAY DIFFRACTION,,
SLC2A1,5EQG,,: Monomer -,X-RAY DIFFRACTION,,
SLC2A1,5EQH,,: Monomer -,X-RAY DIFFRACTION,,
SLC2A1,5EQI,,: Monomer -,X-RAY DIFFRACTION,,
SLC3A1,6YUZ,2.80 Å,: Homo 2-mer -,ELECTRON MICROSCOPY,PARTICLE,SINGLE PARTICLE
SLC3A1,6LID,2.70 Å,: Hetero 4-mer -,ELECTRON MICROSCOPY,PARTICLE,SINGLE PARTICLE
SLC3A1,6LI9,2.30 Å,: Hetero 4-mer -,ELECTRON MICROSCOPY,PARTICLE,SINGLE PARTICLE
SLC3A1,6YUP,2.90 Å,: Hetero 4-mer -,ELECTRON MICROSCOPY,PARTICLE,SINGLE PARTICLE
SLC3A1,7NF7,2.68 Å,: Homo 2-mer -,ELECTRON MICROSCOPY,PARTICLE,SINGLE PARTICLE
SLC3A1,7NF6,3.05 Å,: Hetero 2-mer -,ELECTRON MICROSCOPY,PARTICLE,SINGLE PARTICLE
SLC3A1,7NF8,2.83 Å,: Hetero 4-mer -,ELECTRON MICROSCOPY,PARTICLE,SINGLE PARTICLE
SLC4A1,8E34,6.00 Å,: Homo 2-mer -,ELECTRON MICROSCOPY,PARTICLE,SINGLE PARTICLE
SLC4A1,8D9N,4.40 Å,: Homo 2-mer -,ELECTRON MICROSCOPY,PARTICLE,SINGLE PARTICLE
SLC4A1,8EEQ,6.30 Å,: Hetero 4-mer -,ELECTRON MICROSCOPY,PARTICLE,SINGLE PARTICLE
SLC4A1,1BNX,,: Monomer -,SOLUTION NMR,,
SLC4A1,1BTQ,,: Monomer -,SOLUTION NMR,,
SLC4A1,1BZK,,: Monomer -,SOLUTION NMR,,
SLC4A1,4KY9,,: Homo 2-mer -,X-RAY DIFFRACTION,,
SLC4A1,7TY4,2.99 Å,: Homo 2-mer -,ELECTRON MICROSCOPY,PARTICLE,SINGLE PARTICLE
SLC4A1,7TY6,2.98 Å,: Homo 2-mer -,ELECTRON MICROSCOPY,PARTICLE,SINGLE PARTICLE
SLC4A1,7TY7,3.37 Å,: Homo 2-mer -,ELECTRON MICROSCOPY,PARTICLE,SINGLE PARTICLE
SLC4A1,7TYA,3.07 Å,: Homo 2-mer -,ELECTRON MICROSCOPY,PARTICLE,SINGLE PARTICLE
SLC4A1,7TY8,3.18 Å,: Homo 2-mer -,ELECTRON MICROSCOPY,PARTICLE,SINGLE PARTICLE
SLC4A1,8T3R,2.99 Å,: Homo 2-mer -,ELECTRON MICROSCOPY,PARTICLE,SINGLE PARTICLE
SLC4A1,8T3U,2.97 Å,: Homo 2-mer -,ELECTRON MICROSCOPY,PARTICLE,SINGLE PARTICLE
SLC4A1,8T44,3.12 Å,: Homo 2-mer -,ELECTRON MICROSCOPY,PARTICLE,SINGLE PARTICLE
SLC4A1,8T45,2.99 Å,: Homo 2-mer -,ELECTRON MICROSCOPY,PARTICLE,SINGLE PARTICLE
SLC4A1,8T47,3.16 Å,: Homo 2-mer -,ELECTRON MICROSCOPY,PARTICLE,SINGLE PARTICLE
SLC4A1,8T6U,3.13 Å,: Homo 2-mer -,ELECTRON MICROSCOPY,PARTICLE,SINGLE PARTICLE
SLC4A1,8T6V,2.95 Å,: Homo 2-mer -,ELECTRON MICROSCOPY,PARTICLE,SINGLE PARTICLE
SLC4A11,7X1G,2.94 Å,: Homo 2-mer -,ELECTRON MICROSCOPY,PARTICLE,SINGLE PARTICLE
SLC4A11,7X1H,2.96 Å,: Homo 2-mer -,ELECTRON MICROSCOPY,PARTICLE,SINGLE PARTICLE
SLC4A11,7X1I,2.94 Å,: Homo 2-mer -,ELECTRON MICROSCOPY,PARTICLE,SINGLE PARTICLE
SLC4A11,7X1J,2.84 Å,: Homo 2-mer -,ELECTRON MICROSCOPY,PARTICLE,SINGLE PARTICLE
SLC5A1,7WMV,3.20 Å,: Hetero 2-mer -,ELECTRON MICROSCOPY,PARTICLE,SINGLE PARTICLE
SLC5A1,7YNI,3.26 Å,: Hetero 2-mer -,ELECTRON MICROSCOPY,PARTICLE,SINGLE PARTICLE
SLC5A2,7YNJ,3.33 Å,: Hetero 2-mer -,ELECTRON MICROSCOPY,PARTICLE,SINGLE PARTICLE
SLC5A2,7YNK,3.48 Å,: Hetero 2-mer -,ELECTRON MICROSCOPY,PARTICLE,SINGLE PARTICLE
SLC5A2,8HB0,2.90 Å,: Hetero 2-mer -,ELECTRON MICROSCOPY,PARTICLE,SINGLE PARTICLE
SLC5A2,8HDH,3.10 Å,: Hetero 2-mer -,ELECTRON MICROSCOPY,PARTICLE,SINGLE PARTICLE
SLC5A2,8HG7,3.10 Å,: Hetero 2-mer -,ELECTRON MICROSCOPY,PARTICLE,SINGLE PARTICLE
SLC5A2,8HIN,3.30 Å,: Hetero 2-mer -,ELECTRON MICROSCOPY,PARTICLE,SINGLE PARTICLE
SLC5A2,7VSI,2.95 Å,: Hetero 2-mer -,ELECTRON MICROSCOPY,PARTICLE,SINGLE PARTICLE
SLC5A2,8HEZ,2.80 Å,: Hetero 2-mer -,ELECTRON MICROSCOPY,PARTICLE,SINGLE PARTICLE
SLC5A5,7UV0,3.10 Å,: Monomer -,ELECTRON MICROSCOPY,PARTICLE,SINGLE PARTICLE
SLC5A5,7UUZ,3.20 Å,: Monomer -,ELECTRON MICROSCOPY,PARTICLE,SINGLE PARTICLE
SLC5A5,7UUY,3.30 Å,: Monomer -,ELECTRON MICROSCOPY,PARTICLE,SINGLE PARTICLE
SLC6A19,6M1D,4.50 Å,: Hetero 4-mer -,ELECTRON MICROSCOPY,PARTICLE,SINGLE PARTICLE
SLC6A19,6M17,2.90 Å,: Hetero 6-mer -,ELECTRON MICROSCOPY,PARTICLE,SINGLE PARTICLE
SLC6A19,6M18,2.90 Å,: Hetero 4-mer -,ELECTRON MICROSCOPY,PARTICLE,SINGLE PARTICLE
SLC6A19,8I92,3.20 Å,: Hetero 4-mer -,ELECTRON MICROSCOPY,PARTICLE,SINGLE PARTICLE
SLC6A19,8I93,3.10 Å,: Hetero 4-mer -,ELECTRON MICROSCOPY,PARTICLE,SINGLE PARTICLE
SLC6A19,7V61,3.20 Å,: Hetero 8-mer -,ELECTRON MICROSCOPY,PARTICLE,SINGLE PARTICLE
SLC6A19,7DWX,8.30 Å,: Hetero 10-mer -,ELECTRON MICROSCOPY,PARTICLE,SINGLE PARTICLE
SLC6A19,7DWY,2.70 Å,: Homo 3-mer -,ELECTRON MICROSCOPY,PARTICLE,SINGLE PARTICLE
SLC6A19,7DWZ,3.30 Å,: Homo 3-mer -,ELECTRON MICROSCOPY,PARTICLE,SINGLE PARTICLE
SLC6A19,7DX1,3.10 Å,: Homo 3-mer -,ELECTRON MICROSCOPY,PARTICLE,SINGLE PARTICLE
SLC6A19,7DX3,3.50 Å,: Homo 3-mer -,ELECTRON MICROSCOPY,PARTICLE,SINGLE PARTICLE
SLC6A19,7DX5,3.30 Å,: Hetero 4-mer -,ELECTRON MICROSCOPY,PARTICLE,SINGLE PARTICLE
SLC6A19,7DX6,3.00 Å,: Hetero 4-mer -,ELECTRON MICROSCOPY,PARTICLE,SINGLE PARTICLE
SLC6A19,7DX7,3.40 Å,: Hetero 4-mer -,ELECTRON MICROSCOPY,PARTICLE,SINGLE PARTICLE
SLC6A19,7DX8,2.90 Å,: Hetero 5-mer -,ELECTRON MICROSCOPY,PARTICLE,SINGLE PARTICLE
SLC6A19,7DX9,3.60 Å,: Hetero 5-mer -,ELECTRON MICROSCOPY,PARTICLE,SINGLE PARTICLE
SLC6A19,8WBY,3.18 Å,: Hetero 4-mer -,ELECTRON MICROSCOPY,PARTICLE,SINGLE PARTICLE
SLC6A19,8WBZ,3.20 Å,: Hetero 4-mer -,ELECTRON MICROSCOPY,PARTICLE,SINGLE PARTICLE
SLC40A1,5AYM,,: Monomer -,X-RAY DIFFRACTION,,
SLC40A1,5AYN,,: Monomer -,X-RAY DIFFRACTION,,
SLC40A1,5AYO,,: Monomer -,X-RAY DIFFRACTION,,
SLC40A1,6VYH,3.00 Å,: Hetero 3-mer -,ELECTRON MICROSCOPY,PARTICLE,SINGLE PARTICLE
SLC40A1,6WIK,3.40 Å,: Hetero 3-mer -,ELECTRON MICROSCOPY,PARTICLE,SINGLE PARTICLE
SLC40A1,8DL6,3.00 Å,: Hetero 3-mer -,ELECTRON MICROSCOPY,PARTICLE,SINGLE PARTICLE
SLC40A1,6W4S,3.20 Å,: Hetero 3-mer -,ELECTRON MICROSCOPY,PARTICLE,SINGLE PARTICLE
SLC40A1,6WBV,2.50 Å,: Hetero 4-mer -,ELECTRON MICROSCOPY,PARTICLE,SINGLE PARTICLE
SLC40A1,8C02,4.09 Å,: Hetero 2-mer -,ELECTRON MICROSCOPY,PARTICLE,SINGLE PARTICLE
SLC40A1,8C03,3.89 Å,: Monomer -,ELECTRON MICROSCOPY,PARTICLE,SINGLE PARTICLE
SLC40A1,8BZY,3.24 Å,: Hetero 2-mer -,ELECTRON MICROSCOPY,PARTICLE,SINGLE PARTICLE
SLC40A1,8DL7,2.70 Å,: Hetero 4-mer -,ELECTRON MICROSCOPY,PARTICLE,SINGLE PARTICLE
SLC40A1,8DL8,3.00 Å,: Hetero 3-mer -,ELECTRON MICROSCOPY,PARTICLE,SINGLE PARTICLE
SLC25A12,4P5X,,: Homo 2-mer -,X-RAY DIFFRACTION,,
SLC25A12,4P60,,: Homo 2-mer -,X-RAY DIFFRACTION,,
SLC25A13,4P5W,,: Homo 2-mer -,X-RAY DIFFRACTION,,
SLC26A2,8TNW,3.17 Å,: Homo 2-mer -,ELECTRON MICROSCOPY,PARTICLE,SINGLE PARTICLE
SLC26A2,8TNX,3.03 Å,: Homo 2-mer -,ELECTRON MICROSCOPY,PARTICLE,SINGLE PARTICLE
SLC26A2,8TNY,3.55 Å,: Homo 2-mer -,ELECTRON MICROSCOPY,PARTICLE,SINGLE PARTICLE
SLC26A2,7XLM,3.73 Å,: Homo 2-mer -,ELECTRON MICROSCOPY,PARTICLE,SINGLE PARTICLE
SLC26A4,7WK1,3.25 Å,: Homo 2-mer -,ELECTRON MICROSCOPY,PARTICLE,SINGLE PARTICLE
SLC26A4,7WL2,3.25 Å,: Homo 2-mer -,ELECTRON MICROSCOPY,PARTICLE,SINGLE PARTICLE
SLC26A4,7WL7,3.51 Å,: Homo 2-mer -,ELECTRON MICROSCOPY,PARTICLE,SINGLE PARTICLE
SLC26A4,7WL8,3.40 Å,: Homo 2-mer -,ELECTRON MICROSCOPY,PARTICLE,SINGLE PARTICLE
SLC26A4,7WLB,4.10 Å,: Homo 2-mer -,ELECTRON MICROSCOPY,PARTICLE,SINGLE PARTICLE
SLC26A4,7WLE,3.62 Å,: Homo 2-mer -,ELECTRON MICROSCOPY,PARTICLE,SINGLE PARTICLE
SLC26A4,8HZN,3.25 Å,: Homo 2-mer -,ELECTRON MICROSCOPY,PARTICLE,SINGLE PARTICLE
SLC26A4,7WK7,3.49 Å,: Homo 2-mer -,ELECTRON MICROSCOPY,PARTICLE,SINGLE PARTICLE
SLC26A4,7WL9,3.78 Å,: Homo 2-mer -,ELECTRON MICROSCOPY,PARTICLE,SINGLE PARTICLE
SLC26A4,7WLA,3.76 Å,: Homo 2-mer -,ELECTRON MICROSCOPY,PARTICLE,SINGLE PARTICLE
SLC26A3,8IET,3.50 Å,: Homo 2-mer -,ELECTRON MICROSCOPY,PARTICLE,SINGLE PARTICLE
SLC26A3,7XUL,3.16 Å,: Homo 2-mer -,ELECTRON MICROSCOPY,PARTICLE,SINGLE PARTICLE
SLC26A3,7XUJ,2.80 Å,: Homo 2-mer -,ELECTRON MICROSCOPY,PARTICLE,SINGLE PARTICLE
SLC26A3,7XUH,2.76 Å,: Homo 2-mer -,ELECTRON MICROSCOPY,PARTICLE,SINGLE PARTICLE
SLC26A3,5DOW,,: Hetero 2-mer -,X-RAY DIFFRACTION,,
SLC26A5,7S8X,3.30 Å,: Homo 2-mer -,ELECTRON MICROSCOPY,CELL,SINGLE PARTICLE
SLC26A5,7S9B,4.20 Å,: Homo 2-mer -,ELECTRON MICROSCOPY,CELL,SINGLE PARTICLE
SLC26A5,7S9C,6.70 Å,: Homo 2-mer -,ELECTRON MICROSCOPY,CELL,SINGLE PARTICLE
SLC26A5,7S9D,4.60 Å,: Homo 2-mer -,ELECTRON MICROSCOPY,CELL,SINGLE PARTICLE
SLC26A5,7SUN,3.60 Å,: Homo 2-mer -,ELECTRON MICROSCOPY,PARTICLE,SINGLE PARTICLE
SLC26A5,7S9A,3.80 Å,: Homo 2-mer -,ELECTRON MICROSCOPY,CELL,SINGLE PARTICLE
SLC26A5,7S9E,3.70 Å,: Homo 2-mer -,ELECTRON MICROSCOPY,CELL,SINGLE PARTICLE
SLC26A5,7LH3,4.30 Å,: Homo 2-mer -,ELECTRON MICROSCOPY,PARTICLE,SINGLE PARTICLE
SLC26A5,5EZB,,: Monomer -,X-RAY DIFFRACTION,,
SLC26A5,7LGU,2.30 Å,: Homo 2-mer -,ELECTRON MICROSCOPY,PARTICLE,SINGLE PARTICLE
SLC26A5,7LGW,2.70 Å,: Homo 2-mer -,ELECTRON MICROSCOPY,PARTICLE,SINGLE PARTICLE
SLC26A5,7LH2,3.43 Å,: Homo 2-mer -,ELECTRON MICROSCOPY,PARTICLE,SINGLE PARTICLE
SLC26A5,5EUS,,: Monomer -,X-RAY DIFFRACTION,,
SLC26A5,5EUX,,: Monomer -,X-RAY DIFFRACTION,,
SLC26A5,5EUU,,: Monomer -,X-RAY DIFFRACTION,,
SLC26A5,5EUW,,: Monomer -,X-RAY DIFFRACTION,,
SLC26A5,5EUZ,,: Monomer -,X-RAY DIFFRACTION,,
SLC26A5,7V73,3.52 Å,: Homo 2-mer -,ELECTRON MICROSCOPY,PARTICLE,SINGLE PARTICLE
SLC26A5,7V74,3.63 Å,: Homo 2-mer -,ELECTRON MICROSCOPY,PARTICLE,SINGLE PARTICLE
SLC26A5,3LLO,,: Monomer -,X-RAY DIFFRACTION,,
SLC26A5,7V75,3.57 Å,: Homo 2-mer -,ELECTRON MICROSCOPY,PARTICLE,SINGLE PARTICLE
SLC26A5,8UC1,3.40 Å,: Homo 2-mer -,ELECTRON MICROSCOPY,PARTICLE,SINGLE PARTICLE
SLC35A1,6I1Z,,: Homo 2-mer -,X-RAY DIFFRACTION,,
SLC35A1,6OH2,,: Monomer -,X-RAY DIFFRACTION,,
SLC35A1,6XBO,,: Monomer -,X-RAY DIFFRACTION,,
SLC35A1,6I1R,,: Homo 2-mer -,X-RAY DIFFRACTION,,
SLC35A1,6OH3,,: Monomer -,X-RAY DIFFRACTION,,
SLC35A1,6OH4,,: Monomer -,X-RAY DIFFRACTION,,
SLC6A20,8I91,3.30 Å,: Hetero 4-mer -,ELECTRON MICROSCOPY,PARTICLE,SINGLE PARTICLE
SLC6A20,8P2Z,3.50 Å,: Hetero 2-mer -,ELECTRON MICROSCOPY,PARTICLE,SINGLE PARTICLE
SLC6A20,8P30,3.29 Å,: Hetero 4-mer -,ELECTRON MICROSCOPY,PARTICLE,SINGLE PARTICLE
SLC6A20,8P31,3.24 Å,: Hetero 4-mer -,ELECTRON MICROSCOPY,PARTICLE,SINGLE PARTICLE
SLC6A20,8P2W,3.76 Å,: Hetero 2-mer -,ELECTRON MICROSCOPY,PARTICLE,SINGLE PARTICLE
SLC6A20,8P2X,3.59 Å,: Hetero 4-mer -,ELECTRON MICROSCOPY,PARTICLE,SINGLE PARTICLE
SLC6A20,8P2Y,3.46 Å,: Hetero 4-mer -,ELECTRON MICROSCOPY,PARTICLE,SINGLE PARTICLE
SLC6A20,7Y75,3.10 Å,: Hetero 6-mer -,ELECTRON MICROSCOPY,PARTICLE,SINGLE PARTICLE
SLC13A5,7JSJ,3.12 Å,: Homo 2-mer -,ELECTRON MICROSCOPY,PARTICLE,SINGLE PARTICLE
SLC13A5,7JSK,3.04 Å,: Homo 2-mer -,ELECTRON MICROSCOPY,PARTICLE,SINGLE PARTICLE
SLC17A5,8U3D,2.83 Å,: Monomer -,ELECTRON MICROSCOPY,PARTICLE,SINGLE PARTICLE
SLC17A5,8U3E,3.19 Å,: Monomer -,ELECTRON MICROSCOPY,PARTICLE,SINGLE PARTICLE
SLC17A5,8U3F,3.31 Å,: Monomer -,ELECTRON MICROSCOPY,PARTICLE,SINGLE PARTICLE
SLC17A5,9AYB,3.19 Å,: Monomer -,ELECTRON MICROSCOPY,PARTICLE,SINGLE PARTICLE
SLC17A5,8DWI,3.40 Å,: Monomer -,ELECTRON MICROSCOPY,PARTICLE,SINGLE PARTICLE
SLC17A5,8U3H,3.67 Å,: Monomer -,ELECTRON MICROSCOPY,PARTICLE,SINGLE PARTICLE
SLC17A5,8U3G,3.42 Å,: Monomer -,ELECTRON MICROSCOPY,PARTICLE,SINGLE PARTICLE
SLC46A1,7BC6,3.20 Å,: Hetero 2-mer -,ELECTRON MICROSCOPY,PARTICLE,SINGLE PARTICLE
SLC46A1,7BC7,3.30 Å,: Hetero 2-mer -,ELECTRON MICROSCOPY,PARTICLE,SINGLE PARTICLE
SLCO1B1,8PHW,3.60 Å,: Hetero 3-mer -,ELECTRON MICROSCOPY,PARTICLE,SINGLE PARTICLE
SLCO1B1,8HNB,3.53 Å,: Monomer -,ELECTRON MICROSCOPY,PARTICLE,SINGLE PARTICLE
SLCO1B1,8HND,3.19 Å,: Monomer -,ELECTRON MICROSCOPY,PARTICLE,SINGLE PARTICLE
SLCO1B1,8K6L,2.92 Å,: Monomer -,ELECTRON MICROSCOPY,PARTICLE,SINGLE PARTICLE
SLCO1B1,8HNC,3.73 Å,: Monomer -,ELECTRON MICROSCOPY,PARTICLE,SINGLE PARTICLE
SLCO1B1,8HNH,3.73 Å,: Monomer -,ELECTRON MICROSCOPY,PARTICLE,SINGLE PARTICLE
SLC6A1,7Y7V,2.20 Å,: Monomer -,ELECTRON MICROSCOPY,PARTICLE,SINGLE PARTICLE
SLC6A1,7Y7Y,2.40 Å,: Monomer -,ELECTRON MICROSCOPY,PARTICLE,SINGLE PARTICLE
SLC6A1,7Y7Z,3.20 Å,: Monomer -,ELECTRON MICROSCOPY,PARTICLE,SINGLE PARTICLE
SLC6A1,7Y7W,2.40 Å,: Monomer -,ELECTRON MICROSCOPY,PARTICLE,SINGLE PARTICLE
SLC6A1,7SK2,3.82 Å,: Monomer -,ELECTRON MICROSCOPY,PARTICLE,SINGLE PARTICLE
SLC7A5,6IRS,3.30 Å,: Hetero 2-mer -,ELECTRON MICROSCOPY,PARTICLE,SINGLE PARTICLE
SLC7A5,6IRT,3.50 Å,: Hetero 2-mer -,ELECTRON MICROSCOPY,PARTICLE,SINGLE PARTICLE
SLC7A5,8XPU,3.30 Å,: Hetero 2-mer -,ELECTRON MICROSCOPY,PARTICLE,SINGLE PARTICLE
SLC7A5,7DSK,2.90 Å,: Hetero 2-mer -,ELECTRON MICROSCOPY,PARTICLE,SINGLE PARTICLE
SLC7A5,7DSL,2.90 Å,: Hetero 2-mer -,ELECTRON MICROSCOPY,PARTICLE,SINGLE PARTICLE
SLC7A5,7DSN,3.10 Å,: Hetero 2-mer -,ELECTRON MICROSCOPY,PARTICLE,SINGLE PARTICLE
SLC7A5,7DSQ,3.40 Å,: Hetero 2-mer -,ELECTRON MICROSCOPY,PARTICLE,SINGLE PARTICLE
SLC7A5,6JMQ,3.31 Å,: Hetero 4-mer -,ELECTRON MICROSCOPY,PARTICLE,SINGLE PARTICLE
SLC7A5,6JMR,4.10 Å,: Hetero 5-mer -,ELECTRON MICROSCOPY,PARTICLE,SINGLE PARTICLE
SLC7A5,8IDA,3.20 Å,: Hetero 2-mer -,ELECTRON MICROSCOPY,PARTICLE,SINGLE PARTICLE
SLC7A5,8J8L,3.56 Å,: Hetero 2-mer -,ELECTRON MICROSCOPY,PARTICLE,SINGLE PARTICLE
SLC7A5,8J8M,3.58 Å,: Hetero 2-mer -,ELECTRON MICROSCOPY,PARTICLE,SINGLE PARTICLE
SLC22A3,7ZH0,3.20 Å,: Monomer -,ELECTRON MICROSCOPY,PARTICLE,SINGLE PARTICLE
SLC22A3,7ZH6,3.67 Å,: Monomer -,ELECTRON MICROSCOPY,PARTICLE,SINGLE PARTICLE
SLC22A3,7ZHA,3.55 Å,: Monomer -,ELECTRON MICROSCOPY,PARTICLE,SINGLE PARTICLE
NPC1,6V3F,3.70 Å,: Monomer -,ELECTRON MICROSCOPY,PARTICLE,SINGLE PARTICLE
NPC1,6V3H,3.50 Å,: Monomer -,ELECTRON MICROSCOPY,PARTICLE,SINGLE PARTICLE
NPC1,6UOX,4.02 Å,: Monomer -,ELECTRON MICROSCOPY,PARTICLE,SINGLE PARTICLE
NPC1,6W5R,3.60 Å,: Monomer -,ELECTRON MICROSCOPY,PARTICLE,SINGLE PARTICLE
NPC1,6W5S,3.00 Å,: Monomer -,ELECTRON MICROSCOPY,PARTICLE,SINGLE PARTICLE
NPC1,6W5T,3.70 Å,: Monomer -,ELECTRON MICROSCOPY,PARTICLE,SINGLE PARTICLE
NPC1,6W5U,3.90 Å,: Monomer -,ELECTRON MICROSCOPY,PARTICLE,SINGLE PARTICLE
NPC1,6W5V,4.00 Å,: Hetero 2-mer -,ELECTRON MICROSCOPY,PARTICLE,SINGLE PARTICLE
NPC1,8EUS,,: Monomer -,X-RAY DIFFRACTION,,
NPC1,5U74,,: Monomer -,X-RAY DIFFRACTION,,
NPC1,5HNS,,: Monomer -,X-RAY DIFFRACTION,,
NPC1,7N4X,3.33 Å,: Monomer -,ELECTRON MICROSCOPY,PARTICLE,SINGLE PARTICLE
NPC1,7DF8,3.03 Å,: Monomer -,ELECTRON MICROSCOPY,PARTICLE,SINGLE PARTICLE
NPC1,7DFW,2.69 Å,: Monomer -,ELECTRON MICROSCOPY,PARTICLE,SINGLE PARTICLE
NPC1,7N4V,3.58 Å,: Homo 2-mer -,ELECTRON MICROSCOPY,PARTICLE,SINGLE PARTICLE
NPC1,3GKI,,: Monomer -,X-RAY DIFFRACTION,,
NPC1,3GKJ,,: Monomer -,X-RAY DIFFRACTION,,
NPC1,5KWY,,: Hetero 4-mer -,X-RAY DIFFRACTION,,
NPC1,3QNT,,: Monomer -,X-RAY DIFFRACTION,,
NPC1,3GKH,,: Monomer -,X-RAY DIFFRACTION,,
NPC1,7DFZ,3.58 Å,: Monomer -,ELECTRON MICROSCOPY,PARTICLE,SINGLE PARTICLE
NPC1,7N4U,3.34 Å,: Homo 2-mer -,ELECTRON MICROSCOPY,PARTICLE,SINGLE PARTICLE
NPC1,3JD8,4.43 Å,: Monomer -,ELECTRON MICROSCOPY,PARTICLE,SINGLE PARTICLE
NPC1,5F18,,: Monomer -,X-RAY DIFFRACTION,,
NPC1,5JNX,6.56 Å,: Hetero 4-mer -,ELECTRON MICROSCOPY,PARTICLE,SINGLE PARTICLE
SLC31A1,2LS2,,: Monomer -,SOLUTION NMR,,
SLC31A1,2LS3,,: Monomer -,SOLUTION NMR,,
SLC31A1,2LS4,,: Monomer -,SOLUTION NMR,,
SLC16A7,7BP3,3.80 Å,: Homo 2-mer -,ELECTRON MICROSCOPY,PARTICLE,SINGLE PARTICLE
CTNS,8DYP,,: Hetero 2-mer -,X-RAY DIFFRACTION,,
CTNS,8DKE,3.18 Å,: Hetero 3-mer -,ELECTRON MICROSCOPY,PARTICLE,SINGLE PARTICLE
CTNS,8DKI,3.32 Å,: Hetero 3-mer -,ELECTRON MICROSCOPY,PARTICLE,SINGLE PARTICLE
CTNS,8DKM,3.39 Å,: Hetero 3-mer -,ELECTRON MICROSCOPY,PARTICLE,SINGLE PARTICLE
CTNS,8DKW,3.09 Å,: Hetero 3-mer -,ELECTRON MICROSCOPY,PARTICLE,SINGLE PARTICLE
CTNS,8DKX,3.00 Å,: Hetero 3-mer -,ELECTRON MICROSCOPY,PARTICLE,SINGLE PARTICLE
SLC3A2,8QEY,4.00 Å,: Hetero 2-mer -,ELECTRON MICROSCOPY,PARTICLE,SINGLE PARTICLE
SLC3A2,7CCS,6.20 Å,: Hetero 2-mer -,ELECTRON MICROSCOPY,PARTICLE,SINGLE PARTICLE
SLC3A2,8WNY,3.50 Å,: Hetero 2-mer -,ELECTRON MICROSCOPY,PARTICLE,SINGLE PARTICLE
SLC3A2,8WNS,3.42 Å,: Hetero 2-mer -,ELECTRON MICROSCOPY,PARTICLE,SINGLE PARTICLE
SLC3A2,6IRS,3.30 Å,: Hetero 2-mer -,ELECTRON MICROSCOPY,PARTICLE,SINGLE PARTICLE
SLC3A2,6IRT,3.50 Å,: Hetero 2-mer -,ELECTRON MICROSCOPY,PARTICLE,SINGLE PARTICLE
SLC3A2,7DSK,2.90 Å,: Hetero 2-mer -,ELECTRON MICROSCOPY,PARTICLE,SINGLE PARTICLE
SLC3A2,7DSL,2.90 Å,: Hetero 2-mer -,ELECTRON MICROSCOPY,PARTICLE,SINGLE PARTICLE
SLC3A2,7DSN,3.10 Å,: Hetero 2-mer -,ELECTRON MICROSCOPY,PARTICLE,SINGLE PARTICLE
SLC3A2,7DSQ,3.40 Å,: Hetero 2-mer -,ELECTRON MICROSCOPY,PARTICLE,SINGLE PARTICLE
SLC3A2,6I9Q,,: Monomer -,X-RAY DIFFRACTION,,
SLC3A2,2DH2,,: Monomer -,X-RAY DIFFRACTION,,
SLC3A2,2DH3,,: Monomer -,X-RAY DIFFRACTION,,
SLC3A2,8WNT,3.42 Å,: Hetero 2-mer -,ELECTRON MICROSCOPY,PARTICLE,SINGLE PARTICLE
SLC3A2,8G0M,,: Hetero 2-mer -,X-RAY DIFFRACTION,,
SLC3A2,6SUA,,: Hetero 2-mer -,X-RAY DIFFRACTION,,
SLC3A2,6S8V,,: Hetero 2-mer -,X-RAY DIFFRACTION,,
SLC3A2,7DF1,,: Hetero 3-mer -,X-RAY DIFFRACTION,,
SLC3A2,6JMR,4.10 Å,: Hetero 5-mer -,ELECTRON MICROSCOPY,PARTICLE,SINGLE PARTICLE
SLC3A2,8XPU,3.30 Å,: Hetero 2-mer -,ELECTRON MICROSCOPY,PARTICLE,SINGLE PARTICLE
SLC3A2,7B00,3.98 Å,: Hetero 2-mer -,ELECTRON MICROSCOPY,PARTICLE,SINGLE PARTICLE
SLC3A2,7CMH,3.40 Å,: Hetero 2-mer -,ELECTRON MICROSCOPY,PARTICLE,SINGLE PARTICLE
SLC3A2,7CMI,2.90 Å,: Hetero 2-mer -,ELECTRON MICROSCOPY,PARTICLE,SINGLE PARTICLE
SLC3A2,7EPZ,3.40 Å,: Hetero 2-mer -,ELECTRON MICROSCOPY,PARTICLE,SINGLE PARTICLE
SLC3A2,7P9U,3.70 Å,: Hetero 2-mer -,ELECTRON MICROSCOPY,PARTICLE,SINGLE PARTICLE
SLC2A3,5C65,,: Monomer -,X-RAY DIFFRACTION,,
SLC2A3,4ZWB,,: Monomer -,X-RAY DIFFRACTION,,
SLC2A3,4ZWC,,: Monomer -,X-RAY DIFFRACTION,,
SLC2A3,7CRZ,,: Monomer -,X-RAY DIFFRACTION,,
SLC2A3,7SPS,,: Monomer -,X-RAY DIFFRACTION,,
SLC2A3,7SPT,,: Monomer -,X-RAY DIFFRACTION,,
SLC2A3,4ZW9,,: Monomer -,X-RAY DIFFRACTION,,
SLC2A4,7DTA,,: Monomer -,SOLUTION NMR,,
SLC2A4,7WSM,3.25 Å,: Monomer -,ELECTRON MICROSCOPY,PARTICLE,SINGLE PARTICLE
SLC2A4,7WSN,3.31 Å,: Monomer -,ELECTRON MICROSCOPY,PARTICLE,SINGLE PARTICLE
SLC9A1,1Y4E,,: Monomer -,SOLUTION NMR,,
SLC9A1,2MDF,,: Monomer -,SOLUTION NMR,,
SLC9A1,7DSW,3.30 Å,: Homo 2-mer -,ELECTRON MICROSCOPY,PARTICLE,SINGLE PARTICLE
SLC9A1,7DSV,3.40 Å,: Hetero 4-mer -,ELECTRON MICROSCOPY,PARTICLE,SINGLE PARTICLE
SLC9A1,7DSX,3.50 Å,: Hetero 4-mer -,ELECTRON MICROSCOPY,PARTICLE,SINGLE PARTICLE
SLC9A1,6ZBI,,: Hetero 3-mer -,SOLUTION NMR,,
SLC9A1,6NUC,,: Hetero 3-mer -,X-RAY DIFFRACTION,,
SLC9A1,6NUF,,: Hetero 3-mer -,X-RAY DIFFRACTION,,
SLC9A1,6NUU,,: Hetero 3-mer -,X-RAY DIFFRACTION,,
SLC6A4,6DZV,4.20 Å,: Hetero 3-mer -,ELECTRON MICROSCOPY,PARTICLE,SINGLE PARTICLE
SLC6A4,6DZZ,3.60 Å,: Hetero 3-mer -,ELECTRON MICROSCOPY,PARTICLE,SINGLE PARTICLE
SLC6A4,6W2C,,: Hetero 3-mer -,X-RAY DIFFRACTION,,
SLC6A4,7LI6,3.50 Å,: Hetero 3-mer -,ELECTRON MICROSCOPY,PARTICLE,SINGLE PARTICLE
SLC6A4,7LI7,4.10 Å,: Hetero 3-mer -,ELECTRON MICROSCOPY,PARTICLE,SINGLE PARTICLE
SLC6A4,7LI8,3.90 Å,: Hetero 3-mer -,ELECTRON MICROSCOPY,PARTICLE,SINGLE PARTICLE
SLC6A4,7LI9,3.90 Å,: Hetero 3-mer -,ELECTRON MICROSCOPY,PARTICLE,SINGLE PARTICLE
SLC6A4,7LIA,3.30 Å,: Hetero 3-mer -,ELECTRON MICROSCOPY,PARTICLE,SINGLE PARTICLE
SLC6A4,7TXT,3.00 Å,: Hetero 3-mer -,ELECTRON MICROSCOPY,PARTICLE,SINGLE PARTICLE
SLC6A4,5I6Z,,: Hetero 3-mer -,X-RAY DIFFRACTION,,
SLC6A4,5I74,,: Hetero 3-mer -,X-RAY DIFFRACTION,,
SLC6A4,6DZY,4.10 Å,: Hetero 4-mer -,ELECTRON MICROSCOPY,PARTICLE,SINGLE PARTICLE
SLC6A4,6VRL,3.80 Å,: Hetero 3-mer -,ELECTRON MICROSCOPY,PARTICLE,SINGLE PARTICLE
SLC6A4,6W2B,,: Hetero 3-mer -,X-RAY DIFFRACTION,,
SLC6A4,7LWD,3.65 Å,: Hetero 3-mer -,ELECTRON MICROSCOPY,PARTICLE,SINGLE PARTICLE
SLC6A4,7MGW,3.50 Å,: Hetero 3-mer -,ELECTRON MICROSCOPY,PARTICLE,SINGLE PARTICLE
SLC6A4,5I6X,,: Hetero 3-mer -,X-RAY DIFFRACTION,,
SLC6A4,5I71,,: Hetero 3-mer -,X-RAY DIFFRACTION,,
SLC6A4,5I73,,: Hetero 3-mer -,X-RAY DIFFRACTION,,
SLC6A4,5I75,,: Hetero 3-mer -,X-RAY DIFFRACTION,,
SLC6A4,6DZW,4.30 Å,: Hetero 4-mer -,ELECTRON MICROSCOPY,PARTICLE,SINGLE PARTICLE
SLC6A4,6VRH,3.30 Å,: Hetero 3-mer -,ELECTRON MICROSCOPY,PARTICLE,SINGLE PARTICLE
SLC6A4,6VRK,4.10 Å,: Hetero 3-mer -,ELECTRON MICROSCOPY,PARTICLE,SINGLE PARTICLE
SLC6A4,6AWN,,: Hetero 3-mer -,X-RAY DIFFRACTION,,
SLC6A4,6AWO,,: Hetero 3-mer -,X-RAY DIFFRACTION,,
SLC19A1,7XPZ,3.40 Å,: Monomer -,ELECTRON MICROSCOPY,PARTICLE,SINGLE PARTICLE
SLC19A1,7XQ1,3.40 Å,: Monomer -,ELECTRON MICROSCOPY,PARTICLE,SINGLE PARTICLE
SLC19A1,7TX7,3.80 Å,: Monomer -,ELECTRON MICROSCOPY,PARTICLE,SINGLE PARTICLE
SLC19A1,7XQ0,3.00 Å,: Monomer -,ELECTRON MICROSCOPY,PARTICLE,SINGLE PARTICLE
SLC19A1,7XQ2,3.30 Å,: Monomer -,ELECTRON MICROSCOPY,PARTICLE,SINGLE PARTICLE
SLC19A1,8GOE,3.00 Å,: Monomer -,ELECTRON MICROSCOPY,PARTICLE,SINGLE PARTICLE
SLC19A1,8GOF,3.00 Å,: Monomer -,ELECTRON MICROSCOPY,PARTICLE,SINGLE PARTICLE
SLC19A1,7TX6,3.30 Å,: Monomer -,ELECTRON MICROSCOPY,PARTICLE,SINGLE PARTICLE
SLC19A1,7XTK,2.89 Å,: Monomer -,ELECTRON MICROSCOPY,PARTICLE,SINGLE PARTICLE
SLC19A1,8HII,3.57 Å,: Hetero 4-mer -,ELECTRON MICROSCOPY,PARTICLE,SINGLE PARTICLE
SLC19A1,8HIJ,3.54 Å,: Hetero 4-mer -,ELECTRON MICROSCOPY,PARTICLE,SINGLE PARTICLE
SLC19A1,8HIK,3.72 Å,: Hetero 4-mer -,ELECTRON MICROSCOPY,PARTICLE,SINGLE PARTICLE
SLC19A1,8DEP,3.60 Å,: Monomer -,ELECTRON MICROSCOPY,PARTICLE,SINGLE PARTICLE
SLC1A2,7VR7,3.49 Å,: Homo 3-mer -,ELECTRON MICROSCOPY,PARTICLE,SINGLE PARTICLE
SLC1A2,7VR8,3.58 Å,: Homo 3-mer -,ELECTRON MICROSCOPY,PARTICLE,SINGLE PARTICLE
SLC1A2,7XR4,3.40 Å,: Homo 3-mer -,ELECTRON MICROSCOPY,PARTICLE,SINGLE PARTICLE
SLC1A2,7XR6,3.40 Å,: Homo 3-mer -,ELECTRON MICROSCOPY,PARTICLE,SINGLE PARTICLE
SLC1A4,7P4I,4.20 Å,: Homo 3-mer -,ELECTRON MICROSCOPY,PARTICLE,SINGLE PARTICLE
SLC15A1,6GS1,,: Hetero 2-mer -,X-RAY DIFFRACTION,,
SLC15A1,6GS7,,: Hetero 2-mer -,X-RAY DIFFRACTION,,
SLC15A1,6GS4,,: Hetero 2-mer -,X-RAY DIFFRACTION,,
SLC15A1,7PN1,3.90 Å,: Monomer -,ELECTRON MICROSCOPY,PARTICLE,SINGLE PARTICLE
SLC15A1,7PMW,4.10 Å,: Monomer -,ELECTRON MICROSCOPY,PARTICLE,SINGLE PARTICLE
SLC15A1,7PMX,3.50 Å,: Monomer -,ELECTRON MICROSCOPY,PARTICLE,SINGLE PARTICLE
SLC15A1,7S8U,3.70 Å,: Monomer -,ELECTRON MICROSCOPY,PARTICLE,SINGLE PARTICLE
SLC6A9,6ZBV,,: Hetero 2-mer -,X-RAY DIFFRACTION,,
SLC6A9,6ZPL,,: Hetero 5-mer -,X-RAY DIFFRACTION,,
SLC6A9,8WFJ,3.35 Å,: Monomer -,ELECTRON MICROSCOPY,PARTICLE,SINGLE PARTICLE
SLC6A9,8WFK,3.22 Å,: Monomer -,ELECTRON MICROSCOPY,PARTICLE,SINGLE PARTICLE
SLC6A9,8WFL,3.03 Å,: Monomer -,ELECTRON MICROSCOPY,PARTICLE,SINGLE PARTICLE
SLC6A9,8WFI,2.58 Å,: Monomer -,ELECTRON MICROSCOPY,PARTICLE,SINGLE PARTICLE
SLC9A3,7X2U,3.20 Å,: Hetero 4-mer -,ELECTRON MICROSCOPY,PARTICLE,SINGLE PARTICLE
SLC11A2,5F0L,,: Hetero 4-mer -,X-RAY DIFFRACTION,,
SLC11A2,5F0M,,: Hetero 4-mer -,X-RAY DIFFRACTION,,
SLC11A2,5F0P,,: Hetero 4-mer -,X-RAY DIFFRACTION,,
SLC16A1,7YR5,3.63 Å,: Hetero 2-mer -,ELECTRON MICROSCOPY,PARTICLE,SINGLE PARTICLE
SLC16A1,7Y1Q,5.03 Å,: Hetero 2-mer -,ELECTRON MICROSCOPY,PARTICLE,SINGLE PARTICLE
SLC16A1,6LYY,3.20 Å,: Hetero 2-mer -,ELECTRON MICROSCOPY,PARTICLE,SINGLE PARTICLE
SLC16A1,6LZ0,3.30 Å,: Hetero 2-mer -,ELECTRON MICROSCOPY,PARTICLE,SINGLE PARTICLE
SLC16A1,7CKO,2.95 Å,: Hetero 2-mer -,ELECTRON MICROSCOPY,PARTICLE,SINGLE PARTICLE
SLC16A1,7CKR,3.00 Å,: Hetero 2-mer -,ELECTRON MICROSCOPY,PARTICLE,SINGLE PARTICLE
SLC16A1,7DA5,3.30 Å,: Hetero 2-mer -,ELECTRON MICROSCOPY,PARTICLE,SINGLE PARTICLE
SLC12A2,7D10,3.52 Å,: Homo 2-mer -,ELECTRON MICROSCOPY,PARTICLE,SINGLE PARTICLE
SLC12A2,7ZGO,2.55 Å,: Homo 2-mer -,ELECTRON MICROSCOPY,PARTICLE,SINGLE PARTICLE
SLC12A2,6NPJ,3.80 Å,: Homo 2-mer -,ELECTRON MICROSCOPY,PARTICLE,SINGLE PARTICLE
SLC12A2,6NPK,3.60 Å,: Homo 2-mer -,ELECTRON MICROSCOPY,PARTICLE,SINGLE PARTICLE
SLC12A2,6NPH,2.90 Å,: Homo 2-mer -,ELECTRON MICROSCOPY,PARTICLE,SINGLE PARTICLE
SLC12A2,6NPL,2.90 Å,: Homo 2-mer -,ELECTRON MICROSCOPY,PARTICLE,SINGLE PARTICLE
SLC12A2,7SFL,3.87 Å,: Homo 2-mer -,ELECTRON MICROSCOPY,PARTICLE,SINGLE PARTICLE
SLC12A2,8FHN,3.00 Å,: Hetero 3-mer -,ELECTRON MICROSCOPY,PARTICLE,SINGLE PARTICLE
SLC12A2,8FHO,2.95 Å,: Hetero 3-mer -,ELECTRON MICROSCOPY,PARTICLE,SINGLE PARTICLE
SLC12A2,8FHP,3.04 Å,: Homo 2-mer -,ELECTRON MICROSCOPY,PARTICLE,SINGLE PARTICLE
SLC12A2,8FHQ,2.81 Å,: Homo 2-mer -,ELECTRON MICROSCOPY,PARTICLE,SINGLE PARTICLE
SLC12A2,8FHR,2.90 Å,: Homo 2-mer -,ELECTRON MICROSCOPY,PARTICLE,SINGLE PARTICLE
SLC12A2,6PZT,3.46 Å,: Homo 2-mer -,ELECTRON MICROSCOPY,PARTICLE,SINGLE PARTICLE
SLC12A2,7S1Z,3.30 Å,: Homo 2-mer -,ELECTRON MICROSCOPY,PARTICLE,SINGLE PARTICLE
SLC12A2,7S1X,2.90 Å,: Homo 2-mer -,ELECTRON MICROSCOPY,PARTICLE,SINGLE PARTICLE
SLC12A2,7S1Y,3.60 Å,: Homo 2-mer -,ELECTRON MICROSCOPY,PARTICLE,SINGLE PARTICLE
SLC12A2,7SMP,3.28 Å,: Homo 2-mer -,ELECTRON MICROSCOPY,PARTICLE,SINGLE PARTICLE
SLC12A2,8STE,3.34 Å,: Homo 2-mer -,ELECTRON MICROSCOPY,PARTICLE,SINGLE PARTICLE
SLC7A9,6LID,2.70 Å,: Hetero 4-mer -,ELECTRON MICROSCOPY,PARTICLE,SINGLE PARTICLE
SLC7A9,6LI9,2.30 Å,: Hetero 4-mer -,ELECTRON MICROSCOPY,PARTICLE,SINGLE PARTICLE
SLC7A9,6YV1,3.40 Å,: Monomer -,ELECTRON MICROSCOPY,PARTICLE,SINGLE PARTICLE
SLC7A9,7NF6,3.05 Å,: Hetero 2-mer -,ELECTRON MICROSCOPY,PARTICLE,SINGLE PARTICLE
SLC7A9,7NF8,2.83 Å,: Hetero 4-mer -,ELECTRON MICROSCOPY,PARTICLE,SINGLE PARTICLE
SLC7A9,6YUP,2.90 Å,: Hetero 4-mer -,ELECTRON MICROSCOPY,PARTICLE,SINGLE PARTICLE
RHAG,6XSV,,: Monomer -,X-RAY DIFFRACTION,,
RHAG,6XSJ,,: Monomer -,X-RAY DIFFRACTION,,
RHAG,8CSX,2.40 Å,: Hetero 3-mer -,ELECTRON MICROSCOPY,PARTICLE,SINGLE PARTICLE
RHAG,7UZQ,2.17 Å,: Hetero 4-mer -,ELECTRON MICROSCOPY,PARTICLE,SINGLE PARTICLE
RHAG,7V0S,2.50 Å,: Hetero 4-mer -,ELECTRON MICROSCOPY,PARTICLE,SINGLE PARTICLE
TUSC3,4M90,,: Monomer -,X-RAY DIFFRACTION,,
TUSC3,4M8G,,: Monomer -,X-RAY DIFFRACTION,,
TUSC3,4M91,,: Hetero 2-mer -,X-RAY DIFFRACTION,,
TUSC3,4M92,,: Hetero 2-mer -,X-RAY DIFFRACTION,,
MAGT1,6S7T,3.50 Å,: Hetero 10-mer -,ELECTRON MICROSCOPY,PARTICLE,SINGLE PARTICLE
MFSD10,6S4M,,: Monomer -,X-RAY DIFFRACTION,,
SV2C,6ES1,,: Hetero 2-mer -,X-RAY DIFFRACTION,,
SV2C,5MOY,,: Hetero 2-mer -,X-RAY DIFFRACTION,,
SV2C,4JRA,,: Hetero 2-mer -,X-RAY DIFFRACTION,,
SV2C,5JMC,,: Hetero 2-mer -,X-RAY DIFFRACTION,,
SV2C,5JLV,,: Hetero 2-mer -,X-RAY DIFFRACTION,,
SV2A,8JLI,3.38 Å,: Homo 2-mer -,ELECTRON MICROSCOPY,PARTICLE,SINGLE PARTICLE
SV2A,8YF0,3.49 Å,: Homo 2-mer -,ELECTRON MICROSCOPY,PARTICLE,SINGLE PARTICLE
SV2A,8YF1,3.38 Å,: Homo 2-mer -,ELECTRON MICROSCOPY,PARTICLE,SINGLE PARTICLE
SV2A,8JLE,2.82 Å,: Hetero 2-mer -,ELECTRON MICROSCOPY,PARTICLE,SINGLE PARTICLE
SV2A,8JLC,2.88 Å,: Hetero 2-mer -,ELECTRON MICROSCOPY,PARTICLE,SINGLE PARTICLE
SV2A,8JS9,3.01 Å,: Hetero 2-mer -,ELECTRON MICROSCOPY,PARTICLE,SINGLE PARTICLE
SV2A,8K77,3.11 Å,: Hetero 2-mer -,ELECTRON MICROSCOPY,PARTICLE,SINGLE PARTICLE
SV2A,8JLF,3.01 Å,: Hetero 2-mer -,ELECTRON MICROSCOPY,PARTICLE,SINGLE PARTICLE
SV2A,8JLG,2.87 Å,: Hetero 2-mer -,ELECTRON MICROSCOPY,PARTICLE,SINGLE PARTICLE
SV2A,8JLH,2.90 Å,: Hetero 4-mer -,ELECTRON MICROSCOPY,PARTICLE,SINGLE PARTICLE
SV2A,8JS8,2.88 Å,: Hetero 2-mer -,ELECTRON MICROSCOPY,PARTICLE,SINGLE PARTICLE
SV2A,8UOA,3.80 Å,: Hetero 2-mer -,ELECTRON MICROSCOPY,PARTICLE,SINGLE PARTICLE
SV2A,8UO9,3.30 Å,: Hetero 2-mer -,ELECTRON MICROSCOPY,PARTICLE,SINGLE PARTICLE
SV2A,4V11,,: Hetero 2-mer -,X-RAY DIFFRACTION,,
SLC10A1 ,7PQG,3.70 Å,: Hetero 2-mer -,ELECTRON MICROSCOPY,PARTICLE,SINGLE PARTICLE
SLC10A1 ,7VAE,3.55 Å,: Hetero 3-mer -,ELECTRON MICROSCOPY,PARTICLE,SINGLE PARTICLE
SLC10A1 ,7FCI,3.30 Å,: Hetero 3-mer -,ELECTRON MICROSCOPY,PARTICLE,SINGLE PARTICLE
SLC10A1 ,7PQQ,3.30 Å,: Hetero 2-mer -,ELECTRON MICROSCOPY,PARTICLE,SINGLE PARTICLE
SLC10A1 ,8RQF,3.41 Å,: Hetero 5-mer -,ELECTRON MICROSCOPY,PARTICLE,SINGLE PARTICLE
SLC10A1 ,7ZYI,2.88 Å,: Hetero 4-mer -,ELECTRON MICROSCOPY,PARTICLE,SINGLE PARTICLE
SLC1A5,6BAT,,: Homo 3-mer -,X-RAY DIFFRACTION,,
SLC1A5,6BAV,,: Homo 3-mer -,X-RAY DIFFRACTION,,
SLC1A5,6BMI,,: Homo 3-mer -,X-RAY DIFFRACTION,,
SLC1A5,6MP6,3.54 Å,: Homo 3-mer -,ELECTRON MICROSCOPY,PARTICLE,SINGLE PARTICLE
SLC1A5,6BAU,,: Homo 3-mer -,X-RAY DIFFRACTION,,
SLC1A5,6MPB,3.84 Å,: Homo 3-mer -,ELECTRON MICROSCOPY,PARTICLE,SINGLE PARTICLE
SLC1A5,6RVX,3.61 Å,: Homo 3-mer -,ELECTRON MICROSCOPY,PARTICLE,SINGLE PARTICLE
SLC1A5,6RVY,4.13 Å,: Homo 3-mer -,ELECTRON MICROSCOPY,PARTICLE,SINGLE PARTICLE
SLC1A5,8OUI,3.39 Å,: Hetero 4-mer -,ELECTRON MICROSCOPY,PARTICLE,SINGLE PARTICLE
SLC1A5,8QRV,2.90 Å,: Monomer -,ELECTRON MICROSCOPY,PARTICLE,SINGLE PARTICLE
SLC1A5,8QRW,3.00 Å,: Monomer -,ELECTRON MICROSCOPY,PARTICLE,SINGLE PARTICLE
SLC1A5,7BCQ,3.43 Å,: Homo 3-mer -,ELECTRON MICROSCOPY,PARTICLE,SINGLE PARTICLE
SLC1A5,7BCS,3.43 Å,: Homo 3-mer -,ELECTRON MICROSCOPY,PARTICLE,SINGLE PARTICLE
SLC1A5,7BCT,3.37 Å,: Homo 3-mer -,ELECTRON MICROSCOPY,PARTICLE,SINGLE PARTICLE
SLC1A5,8QRP,2.70 Å,: Monomer -,ELECTRON MICROSCOPY,PARTICLE,SINGLE PARTICLE
SLC1A5,8QRQ,2.74 Å,: Monomer -,ELECTRON MICROSCOPY,PARTICLE,SINGLE PARTICLE
SLC1A5,8QRR,2.78 Å,: Monomer -,ELECTRON MICROSCOPY,PARTICLE,SINGLE PARTICLE
SLC1A5,8QRS,2.86 Å,: Monomer -,ELECTRON MICROSCOPY,PARTICLE,SINGLE PARTICLE
SLC1A5,8QRU,2.90 Å,: Monomer -,ELECTRON MICROSCOPY,PARTICLE,SINGLE PARTICLE
SLC1A5,6GCT,3.85 Å,: Homo 3-mer -,ELECTRON MICROSCOPY,PARTICLE,SINGLE PARTICLE
SLC1A5,8QRO,2.60 Å,: Homo 3-mer -,ELECTRON MICROSCOPY,PARTICLE,SINGLE PARTICLE
SLC1A5,8OUD,2.31 Å,: Hetero 6-mer -,ELECTRON MICROSCOPY,PARTICLE,SINGLE PARTICLE
SLC1A5,8OUH,2.62 Å,: Hetero 4-mer -,ELECTRON MICROSCOPY,PARTICLE,SINGLE PARTICLE
SLC1A5,8OUJ,3.50 Å,: Hetero 4-mer -,ELECTRON MICROSCOPY,PARTICLE,SINGLE PARTICLE
SLC1A5,5MJU,,: Homo 3-mer -,X-RAY DIFFRACTION,,
SLC15A2,7NQK,3.50 Å,: Hetero 2-mer -,ELECTRON MICROSCOPY,PARTICLE,SINGLE PARTICLE
SLC15A2,7PMY,3.80 Å,: Monomer -,ELECTRON MICROSCOPY,PARTICLE,SINGLE PARTICLE
SLC15A2,9BIR,3.10 Å,: Hetero 2-mer -,ELECTRON MICROSCOPY,PARTICLE,SINGLE PARTICLE
SLC15A2,9BIS,3.20 Å,: Hetero 2-mer -,ELECTRON MICROSCOPY,PARTICLE,SINGLE PARTICLE
SLC15A2,9BIT,3.10 Å,: Hetero 2-mer -,ELECTRON MICROSCOPY,PARTICLE,SINGLE PARTICLE
SLC15A2,9BIU,2.90 Å,: Hetero 2-mer -,ELECTRON MICROSCOPY,PARTICLE,SINGLE PARTICLE
SLC4A8,5JHO,,: Homo 2-mer -,X-RAY DIFFRACTION,,
SLC4A8,7RTM,3.40 Å,: Homo 2-mer -,ELECTRON MICROSCOPY,PARTICLE,SINGLE PARTICLE
SLC22A6,8BVR,3.52 Å,: Hetero 2-mer -,ELECTRON MICROSCOPY,PARTICLE,SINGLE PARTICLE
SLC22A6,8OMU,3.43 Å,: Hetero 2-mer -,ELECTRON MICROSCOPY,PARTICLE,SINGLE PARTICLE
SLC22A6,8BVS,3.61 Å,: Hetero 2-mer -,ELECTRON MICROSCOPY,PARTICLE,SINGLE PARTICLE
SLC22A6,8BW7,3.53 Å,: Monomer -,ELECTRON MICROSCOPY,PARTICLE,SINGLE PARTICLE
SLC22A6,8BVT,3.94 Å,: Hetero 2-mer -,ELECTRON MICROSCOPY,PARTICLE,SINGLE PARTICLE
SLC22A6,8SDU,2.05 Å,: Monomer -,ELECTRON MICROSCOPY,PARTICLE,SINGLE PARTICLE
SLC22A6,8SDY,2.79 Å,: Monomer -,ELECTRON MICROSCOPY,PARTICLE,SINGLE PARTICLE
SLC22A6,8SDZ,2.86 Å,: Monomer -,ELECTRON MICROSCOPY,PARTICLE,SINGLE PARTICLE
SLC25A24,4N5X,,: Monomer -,X-RAY DIFFRACTION,,
SLC25A24,4ZCU,,: Monomer -,X-RAY DIFFRACTION,,
SLC25A24,4ZCV,,: Monomer -,X-RAY DIFFRACTION,,
SLC26A9,6RTF,7.77 Å,: Homo 2-mer -,ELECTRON MICROSCOPY,PARTICLE,SINGLE PARTICLE
SLC26A9,6RTC,3.96 Å,: Homo 2-mer -,ELECTRON MICROSCOPY,PARTICLE,SINGLE PARTICLE
SLC26A9,7CH1,2.60 Å,: Homo 2-mer -,ELECTRON MICROSCOPY,PARTICLE,SINGLE PARTICLE
SLC9B2 ,7P1I,3.15 Å,: Homo 2-mer -,ELECTRON MICROSCOPY,PARTICLE,SINGLE PARTICLE
SLC9B2 ,7P1J,3.04 Å,: Homo 2-mer -,ELECTRON MICROSCOPY,PARTICLE,SINGLE PARTICLE
SLC9B2 ,7P1K,3.64 Å,: Homo 2-mer -,ELECTRON MICROSCOPY,PARTICLE,SINGLE PARTICLE
SLC9B2 ,7B4L,3.10 Å,: Homo 2-mer -,ELECTRON MICROSCOPY,PARTICLE,SINGLE PARTICLE
SLC9B2 ,7B4M,7.20 Å,: Homo 2-mer -,ELECTRON MICROSCOPY,PARTICLE,SINGLE PARTICLE
SLC30A8,7Y5G,3.85 Å,: Homo 2-mer -,ELECTRON MICROSCOPY,PARTICLE,SINGLE PARTICLE
SLC30A8,7Y5H,3.72 Å,: Homo 2-mer -,ELECTRON MICROSCOPY,PARTICLE,SINGLE PARTICLE
SLC30A8,6XPF,5.90 Å,: Homo 2-mer -,ELECTRON MICROSCOPY,PARTICLE,SINGLE PARTICLE
SLC30A8,6XPD,3.80 Å,: Homo 2-mer -,ELECTRON MICROSCOPY,PARTICLE,SINGLE PARTICLE
SLC30A8,6XPE,4.10 Å,: Homo 2-mer -,ELECTRON MICROSCOPY,PARTICLE,SINGLE PARTICLE
SLC5A8,7SL9,3.50 Å,: Hetero 2-mer -,ELECTRON MICROSCOPY,PARTICLE,SINGLE PARTICLE
MFSD2A,7N98,3.50 Å,: Monomer -,ELECTRON MICROSCOPY,PARTICLE,SINGLE PARTICLE
MFSD2A,8D2T,3.40 Å,: Hetero 3-mer -,ELECTRON MICROSCOPY,PARTICLE,SINGLE PARTICLE
MFSD2A,7MJS,3.03 Å,: Hetero 3-mer -,ELECTRON MICROSCOPY,PARTICLE,SINGLE PARTICLE
MFSD2A,8D2S,2.90 Å,: Hetero 3-mer -,ELECTRON MICROSCOPY,PARTICLE,SINGLE PARTICLE
MFSD2A,8D2U,3.30 Å,: Hetero 3-mer -,ELECTRON MICROSCOPY,PARTICLE,SINGLE PARTICLE
MFSD2A,8D2V,4.10 Å,: Hetero 3-mer -,ELECTRON MICROSCOPY,PARTICLE,SINGLE PARTICLE
MFSD2A,8D2W,3.40 Å,: Hetero 3-mer -,ELECTRON MICROSCOPY,PARTICLE,SINGLE PARTICLE
MFSD2A,8D2X,3.40 Å,: Hetero 3-mer -,ELECTRON MICROSCOPY,PARTICLE,SINGLE PARTICLE
MFSD2A,7OIX,3.60 Å,: Hetero 2-mer -,ELECTRON MICROSCOPY,PARTICLE,SINGLE PARTICLE
SLC38A9,7KGV,,: Hetero 3-mer -,X-RAY DIFFRACTION,,
SLC38A9,6C08,,: Hetero 3-mer -,X-RAY DIFFRACTION,,
SLC38A9,6WJ2,3.20 Å,: Hetero 8-mer -,ELECTRON MICROSCOPY,PARTICLE,SINGLE PARTICLE
SLC38A9,6WJ3,3.90 Å,: Hetero 8-mer -,ELECTRON MICROSCOPY,PARTICLE,SINGLE PARTICLE
SLC38A9,8DHB,3.53 Å,: Hetero 10-mer -,ELECTRON MICROSCOPY,PARTICLE,SINGLE PARTICLE
SLC44A1,7WWB,3.86 Å,: Homo 2-mer -,ELECTRON MICROSCOPY,PARTICLE,SINGLE PARTICLE
SLC29A1,8TZI,,: Monomer -,X-RAY DIFFRACTION,,
SLC29A1,6OB6,,: Monomer -,X-RAY DIFFRACTION,,
SLC29A1,6OB7,,: Monomer -,X-RAY DIFFRACTION,,
SLC12A5,6M23,3.20 Å,: Homo 2-mer -,ELECTRON MICROSCOPY,PARTICLE,SINGLE PARTICLE
SLC12A5,6M1Y,3.20 Å,: Homo 2-mer -,ELECTRON MICROSCOPY,PARTICLE,SINGLE PARTICLE
SLC12A5,6M22,2.70 Å,: Homo 2-mer -,ELECTRON MICROSCOPY,PARTICLE,SINGLE PARTICLE
SLC12A5,7D14,3.80 Å,: Homo 2-mer -,ELECTRON MICROSCOPY,PARTICLE,SINGLE PARTICLE
SLC12A5,7D8Z,3.40 Å,: Homo 2-mer -,ELECTRON MICROSCOPY,PARTICLE,SINGLE PARTICLE
SLC28A3,8TZ2,2.80 Å,: Homo 3-mer -,ELECTRON MICROSCOPY,PARTICLE,SINGLE PARTICLE
SLC28A3,8TZ3,2.31 Å,: Homo 3-mer -,ELECTRON MICROSCOPY,PARTICLE,SINGLE PARTICLE
SLC28A3,8TZ4,3.23 Å,: Homo 3-mer -,ELECTRON MICROSCOPY,PARTICLE,SINGLE PARTICLE
SLC28A3,8TZ5,2.74 Å,: Homo 3-mer -,ELECTRON MICROSCOPY,PARTICLE,SINGLE PARTICLE
SLC28A3,8TZ6,2.69 Å,: Homo 3-mer -,ELECTRON MICROSCOPY,PARTICLE,SINGLE PARTICLE
SLC28A3,8TZ7,3.00 Å,: Homo 3-mer -,ELECTRON MICROSCOPY,PARTICLE,SINGLE PARTICLE
SLC28A3,8TZ8,3.19 Å,: Homo 3-mer -,ELECTRON MICROSCOPY,PARTICLE,SINGLE PARTICLE
SLC28A3,8TZ9,3.67 Å,: Homo 3-mer -,ELECTRON MICROSCOPY,PARTICLE,SINGLE PARTICLE
SLC28A3,8TZA,3.43 Å,: Homo 3-mer -,ELECTRON MICROSCOPY,PARTICLE,SINGLE PARTICLE
SLC28A3,8TZD,3.20 Å,: Homo 3-mer -,ELECTRON MICROSCOPY,PARTICLE,SINGLE PARTICLE
SLC28A3,8TZ1,2.54 Å,: Homo 3-mer -,ELECTRON MICROSCOPY,PARTICLE,SINGLE PARTICLE
SLC28A3,6KSW,3.60 Å,: Homo 3-mer -,ELECTRON MICROSCOPY,PARTICLE,SINGLE PARTICLE
XPR1,8X5E,3.61 Å,: Monomer -,ELECTRON MICROSCOPY,PARTICLE,SINGLE PARTICLE
XPR1,8X5B,2.84 Å,: Homo 2-mer -,ELECTRON MICROSCOPY,PARTICLE,SINGLE PARTICLE
XPR1,8X5F,2.96 Å,: Homo 2-mer -,ELECTRON MICROSCOPY,PARTICLE,SINGLE PARTICLE
XPR1,8TYU,,: Monomer -,X-RAY DIFFRACTION,,
XPR1,5IJH,,: Monomer -,X-RAY DIFFRACTION,,
XPR1,8TYV,,: Monomer -,X-RAY DIFFRACTION,,
NPC1L1,7N4X,3.33 Å,: Monomer -,ELECTRON MICROSCOPY,PARTICLE,SINGLE PARTICLE
NPC1L1,6V3F,3.70 Å,: Monomer -,ELECTRON MICROSCOPY,PARTICLE,SINGLE PARTICLE
NPC1L1,6V3H,3.50 Å,: Monomer -,ELECTRON MICROSCOPY,PARTICLE,SINGLE PARTICLE
NPC1L1,7DFW,2.69 Å,: Monomer -,ELECTRON MICROSCOPY,PARTICLE,SINGLE PARTICLE
NPC1L1,7N4V,3.58 Å,: Homo 2-mer -,ELECTRON MICROSCOPY,PARTICLE,SINGLE PARTICLE
NPC1L1,7DFZ,3.58 Å,: Monomer -,ELECTRON MICROSCOPY,PARTICLE,SINGLE PARTICLE
NPC1L1,7N4U,3.34 Å,: Homo 2-mer -,ELECTRON MICROSCOPY,PARTICLE,SINGLE PARTICLE
NPC1L1,7DF8,3.03 Å,: Monomer -,ELECTRON MICROSCOPY,PARTICLE,SINGLE PARTICLE
NPC1L1,3QNT,,: Monomer -,X-RAY DIFFRACTION,,
SLC7A8 ,7B00,3.98 Å,: Hetero 2-mer -,ELECTRON MICROSCOPY,PARTICLE,SINGLE PARTICLE
SLC7A8 ,7CMH,3.40 Å,: Hetero 2-mer -,ELECTRON MICROSCOPY,PARTICLE,SINGLE PARTICLE
SLC7A8 ,7CMI,2.90 Å,: Hetero 2-mer -,ELECTRON MICROSCOPY,PARTICLE,SINGLE PARTICLE
SLC7A8 ,8A6L,3.18 Å,: Hetero 3-mer -,ELECTRON MICROSCOPY,PARTICLE,SINGLE PARTICLE
SLC12A4,7TTH,3.25 Å,: Homo 2-mer -,ELECTRON MICROSCOPY,PARTICLE,SINGLE PARTICLE
SLC12A4,7TTI,3.50 Å,: Homo 2-mer -,ELECTRON MICROSCOPY,PARTICLE,SINGLE PARTICLE
SLC12A4,7AIR,3.66 Å,: Homo 2-mer -,ELECTRON MICROSCOPY,PARTICLE,SINGLE PARTICLE
SLC12A4,6KKR,2.90 Å,: Homo 2-mer -,ELECTRON MICROSCOPY,PARTICLE,SINGLE PARTICLE
SLC12A4,6KKT,2.90 Å,: Homo 2-mer -,ELECTRON MICROSCOPY,PARTICLE,SINGLE PARTICLE
SLC12A4,6KKU,3.50 Å,: Homo 2-mer -,ELECTRON MICROSCOPY,PARTICLE,SINGLE PARTICLE
SLC12A4,7AIP,3.12 Å,: Homo 2-mer -,ELECTRON MICROSCOPY,PARTICLE,SINGLE PARTICLE
SLC12A4,7AIQ,3.72 Å,: Homo 2-mer -,ELECTRON MICROSCOPY,PARTICLE,SINGLE PARTICLE
SLC7A11,7CCS,6.20 Å,: Hetero 2-mer -,ELECTRON MICROSCOPY,PARTICLE,SINGLE PARTICLE
SLC7A11,7P9U,3.70 Å,: Hetero 2-mer -,ELECTRON MICROSCOPY,PARTICLE,SINGLE PARTICLE
SLC7A11,7P9V,3.40 Å,: Hetero 2-mer -,ELECTRON MICROSCOPY,PARTICLE,SINGLE PARTICLE
SLC7A11,7EPZ,3.40 Å,: Hetero 2-mer -,ELECTRON MICROSCOPY,PARTICLE,SINGLE PARTICLE
SLC12A7,6UKN,3.65 Å,: Monomer -,ELECTRON MICROSCOPY,PARTICLE,SINGLE PARTICLE
SLC12A7,7D99,2.90 Å,: Homo 2-mer -,ELECTRON MICROSCOPY,PARTICLE,SINGLE PARTICLE
SLC4A4,6CAA,3.90 Å,: Homo 2-mer -,ELECTRON MICROSCOPY,PARTICLE,SINGLE PARTICLE
SLC4A4,5SV9,5.90 Å,: Homo 2-mer -,ELECTRON MICROSCOPY,HELICAL ARRAY,HELICAL
SLC30A9,2ENK,,: Monomer -,SOLUTION NMR,,
SLC14A1,6QD5,,: Homo 3-mer -,X-RAY DIFFRACTION,,
SLC14A1,8BLP,2.60 Å,: Homo 3-mer -,ELECTRON MICROSCOPY,PARTICLE,SINGLE PARTICLE
SLC14A1,4EZC,,: Homo 3-mer -,X-RAY DIFFRACTION,,
SLC14A1,4EZD,,: Homo 3-mer -,X-RAY DIFFRACTION,,
SLC2A5,4YB9,,: Monomer -,X-RAY DIFFRACTION,,
SLC2A5,4YBQ,,: Hetero 3-mer -,X-RAY DIFFRACTION,,